[{"title": "MediaShift Podcast 243: How misinformation spread after Vegas shooting", "updated": "2017-10-06T14:15:00+00:00", "link": "https://www.rjionline.org/stories/mediashift-podcast-243-how-misinformation-spread-after-vegas-shooting", "summary": "In the news this week, the good, bad and ugly of those dominating tech giants. On the bad side, Google, Facebook, and Twitter were overrun by misinformation during the Las Vegas shooting, with alt-right sites and manipulators naming the wrong shooter.", "tags": "Partners,"}, {"title": "University of Missouri-born transcription tool for journalists set for App Store launch", "updated": "2017-10-03T17:03:00+00:00", "link": "https://www.rjionline.org/stories/university-of-missouri-born-transcription-tool-for-journalists-set-for-app", "summary": "Update: Recordly can now be downloaded from the Apple App Store. Transcription can cause headaches and drain time for professionals in the media industry, with short snippets of audio often leading to long sessions spent transcribing.", "tags": "Entrepreneurship, Innovation, Journalism education, Technology,"}, {"title": "Help us build tools to better understand engagement data and improve revenue strategies", "updated": "2017-10-02T17:41:00+00:00", "link": "https://www.rjionline.org/stories/help-us-build-tools-to-better-understand-engagement-data-and-improve-revenu", "summary": "How do we identify user engagement behaviors and patterns that help us strengthen our products and our businesses? How can we encourage engaged users to deepen their connection with our work?", "tags": "Analytics, Engagement, Revenue strategies, RJI fellowships, Technology,"}, {"title": "MediaShift Podcast 242: Pivots to video a mixed bag; Twitter doubles character count", "updated": "2017-09-29T13:39:00+00:00", "link": "https://www.rjionline.org/stories/mediashift-podcast-242-pivots-to-video-a-mixed-bag-twitter-doubles-characte", "summary": "In the news this week, many publishers have been pivoting to video, but they\u2019ve also lost a lot of traffic to their websites. Did they go too far? And Twitter is testing out doubling the size of tweets to 280 characters.", "tags": "Partners,"}, {"title": "Six things participants need to know about the 2017-2018 RJI Student Competition", "updated": "2017-09-26T19:01:00+00:00", "link": "https://www.rjionline.org/stories/six-things-you-need-to-know-about-the-2017-2018-rji-student-competition", "summary": "The 2017-2018 RJI Student Competition will differ in two ways from past competitions: Students from outside the University of Missouri are eligible to participate and teams may address any issue facing the news industry.", "tags": "Events, Technology,"}, {"title": "Trusting News project receives $100,000 grant from Knight Foundation", "updated": "2017-09-25T14:07:00+00:00", "link": "https://www.rjionline.org/stories/trusting-news-project-receives-100000-grant-from-knight-foundation", "summary": "Joy Mayer is leading research on how news consumers decide what to trust, developing strategies to address that behavior and training journalists to demonstrate their credibility.", "tags": "Events, Technology,"}, {"title": "MediaShift Podcast 241: Social platforms help target ads to racist groups", "updated": "2017-09-22T13:32:00+00:00", "link": "https://www.rjionline.org/stories/mediashift-podcast-241-social-platforms-help-target-ads-to-racist-groups", "summary": "In the news this week, journalists found that Facebook, Google and Twitter all allowed them to target ads toward racist groups like \u201cJew haters\u201d and \u201cblack people ruin neighborhoods.\u201d The social platforms quickly removed those terms.", "tags": "Partners, Social media,"}, {"title": "Video: 2017\u20132018 Student Competition kickoff", "updated": "2017-09-21T15:33:00+00:00", "link": "https://www.rjionline.org/stories/video-20172018-student-competition-kickoff", "summary": "Video highlights from the 2017\u20132018 Student Competition kickoff, held Sept. 19 at RJI.", "tags": "Entrepreneurship, Innovation, Journalism education, Technology, Videos,"}, {"title": "Video: Dean David Kurpius on the RJI Student Competition 2017", "updated": "2017-09-20T20:54:00+00:00", "link": "https://www.rjionline.org/stories/video-dean-david-kurpius-on-the-rji-student-competition-2017", "summary": "David Kurpius, dean of the Missouri School of Journalism, talks about the upcoming RJI Student Competition.", "tags": "Entrepreneurship, Innovation, Journalism education, Technology, Videos,"}, {"title": "Video: Ryan Platt speaks about creating Maply", "updated": "2017-09-20T18:36:00+00:00", "link": "https://www.rjionline.org/stories/video-ryan-platt-speaks-about-creating-maply", "summary": "Ryan Platt speaks about creating Maply.", "tags": "Entrepreneurship, Innovation, Journalism education, Videos,"}, {"title": "Video:&nbsp; Alex Blum speaks about his experience in the RJI student competition", "updated": "2017-09-20T18:28:00+00:00", "link": "https://www.rjionline.org/stories/video-alex-blum-speaks-about-his-experience-in-the-rji-student-competition", "summary": "Alex Blum speaks about his experience in the RJI student competition", "tags": "Innovation, Journalism education, Technology, Videos,"}, {"title": "MediaShift Podcast 240: Apple moves to the high end; regulation coming for tech giants?", "updated": "2017-09-15T13:16:00+00:00", "link": "https://www.rjionline.org/stories/mediashift-podcast-240-apple-moves-to-the-high-end-regulation-coming-for-te", "summary": "In the news this week, Apple announced its new line of iPhones, including a $1000 iPhone X and Apple TV with 4K support. Can it win at higher price points?", "tags": "Partners,"}, {"title": "Does the idea of talking to a news bot bother you? That is interesting. Please continue.", "updated": "2017-09-12T16:29:00+00:00", "link": "https://www.rjionline.org/stories/does-the-idea-of-talking-to-a-news-bot-bother-you-that-is-interesting-plea", "summary": "The first chatbot was born in 1966. Now, 50 years on, chatbots are starting to crack into the mainstream \u2014 at least that\u2019s what the buzz would have you believe.", "tags": "Innovation, RJI fellowships, Technology,"}, {"title": "MediaShift Podcast 239: Apple, Amazon bid for James Bond; The Atlantic\u2019s membership play", "updated": "2017-09-08T14:46:00+00:00", "link": "https://www.rjionline.org/stories/mediashift-podcast-239-apple-amazon-bid-for-james-bond-the-atlantics-member", "summary": "In the news this week, Apple and Amazon are taking their original content ambitions further, bidding on the rights to the James Bond movie franchise. The Atlantic is launching a new membership service called The Masthead starting at $100 per year.", "tags": "Partners,"}, {"title": "This year\u2019s RJI Student Competition not bound by topic or campus boundaries", "updated": "2017-09-05T18:45:00+00:00", "link": "https://www.rjionline.org/stories/this-years-rji-student-competition-not-bound-by-topic-or-campus-boundaries", "summary": "The sky\u2019s the limit for participants in the 2017\u20132018 RJI Student Competition, sponsored by the Donald W. Reynolds Journalism Institute at the Missouri School of Journalism. This year students may address any issue facing the news media.", "tags": "Innovation, Journalism education, Technology,"}, {"title": "Christopher Guess presents Push", "updated": "2017-09-01T15:29:00+00:00", "link": "https://www.rjionline.org/stories/christopher-guess-presents-push", "summary": "For cash-strapped small and medium-sized news organizations a custom-built mobile app is a pipe dream, at best. In response to this problem, RJI Residential Fellow Christopher Guess presented about his ongoing project \u201cPush.\u201d", "tags": "Presentations, RJI fellowships, Technology,"}, {"title": "MediaShift Podcast 238: Social media shows heroes of Harvey; Google and Facebook dominate apps", "updated": "2017-09-01T14:38:00+00:00", "link": "https://www.rjionline.org/stories/mediashift-podcast-238-social-media-shows-heroes-of-harvey-google-and-faceb", "summary": "In the news this week, the tragedy of Hurricane Harvey caused untold damage and pain, but thanks to social media we also saw a great number of heroes, including journalists on the ground.", "tags": "Partners, Social media,"}, {"title": "Tyus Monroe: A Talk Story, Write Story success story in progress", "updated": "2017-08-31T16:10:00+00:00", "link": "https://www.rjionline.org/stories/tyus-monroe-a-talk-story-write-story-success-story-in-progress", "summary": "Tyus Monroe received a full-ride scholarship to Columbia College in Missouri, thanks in part to Talk Story, Write Story. She wants to become a teacher.", "tags": "Journalism education, RJI fellowships,"}, {"title": "MediaShift Podcast 237: Critical moment for hate speech; Village Voice ends print run", "updated": "2017-08-25T14:25:00+00:00", "link": "https://www.rjionline.org/stories/mediashift-podcast-237-critical-moment-for-hate-speech-village-voice-ends-p", "summary": "We\u2019re back! The MediaShift Podcast is starting out its Fall Season this week, so stay tuned for new episodes each Friday.", "tags": "Partners,"}, {"title": "What two Florida TV stations are learning as they experiment with AR and 3-D technologies", "updated": "2017-08-24T19:40:00+00:00", "link": "https://www.rjionline.org/stories/what-two-florida-tv-stations-are-learning-as-they-experiment-with-ar-and-3", "summary": "With changing TV viewing habits, First Coast News in Jacksonville, Florida, is experimenting with augmented reality and 3-D technologies to grab viewers\u2019 attention and enhance the storytelling experience.", "tags": "Engagement, Innovation, Technology,"}, {"title": "Survey: Journalists\u2019 most urgent training needs are mobile, data and video", "updated": "2017-08-23T21:04:00+00:00", "link": "https://www.rjionline.org/stories/survey-journalists-most-urgent-training-needs-are-mobile-data-and-video", "summary": "Three-fourths of respondents to a June survey about digital-journalism training said they would likely try learning such skills on their phone in bite-size lessons.", "tags": "Research, RJI fellowships, Technology,"}, {"title": "Shinebig test embed 170823", "updated": "2017-08-23T15:13:00+00:00", "link": "https://www.rjionline.org/stories/shinebig-test-embed-170823", "summary": "Shinebig test embed 170823", "tags": "Research, RJI fellowships, Technology,"}, {"title": "Gotta catch \u2019em all: Archiving digital content such as social media should include linked objects", "updated": "2017-08-22T16:29:00+00:00", "link": "https://www.rjionline.org/stories/gotta-catch-em-all-archiving-digital-content-such-as-social-media-posts-sho", "summary": "In the digital media world, there\u2019s no guarantee that material that appears one minute will be there the next.", "tags": "Best practices, How-to, JDNA, Technology,"}, {"title": "Hjalmar Gislason: Keynote speaker: Digital salvage operations \u2014 what\u2019s worth saving?", "updated": "2017-08-18T14:24:00+00:00", "link": "https://www.rjionline.org/stories/hjalmar-gislason-keynote-speaker-digital-salvage-operations-whats-worth-sav", "summary": "Self-proclaimed data nerd Hjalmar Gislason is the vice president of data for visual analytics software company Qlik.", "tags": "Events, JDNA, Presentations, Videos,"}, {"title": "Kat Duncan joins RJI as senior video editor", "updated": "2017-08-17T19:27:00+00:00", "link": "https://www.rjionline.org/stories/kat-duncan-joins-rji-as-senior-video-editor", "summary": "The Donald W. Reynolds Journalism Institute has named Kat Duncan, a former photo and video editor at the San Francisco Chronicle, as its new senior video editor.", "tags": "Journalism education, Print,"}, {"title": "The Guardian: Four UK news sources among top 10 most trusted in US \u2013 survey", "updated": "2017-08-15T19:02:00+00:00", "link": "https://www.rjionline.org/stories/the-guardian-four-uk-news-sources-among-top-10-most-trusted-in-us-survey", "summary": "Four of the 10 most trusted sources of news among U.S. readers are based in Britain, according to a survey.", "tags": "Engagement, Research, RJI fellowships, Social media, Technology,"}, {"title": "Dodging the Memory Hole 2017 Call for Contributors", "updated": "2017-08-11T16:38:00+00:00", "link": "https://www.rjionline.org/stories/dodging-the-memory-hole-2017-call-for-contributors", "summary": "The next Dodging the Memory Hole: Saving Online News forum will be held Nov. 15-16 at the Internet Archive in San Francisco.", "tags": "Events, JDNA, Presentations, Videos,"}, {"title": "Vote now: RJI Fellows\u2019 proposed SXSW sessions target trust in news and media censorship", "updated": "2017-08-10T15:15:00+00:00", "link": "https://www.rjionline.org/stories/vote-now-rji-fellows-proposed-sxsw-sessions-target-trust-in-news-and-media", "summary": "Three RJI Fellows are vying to present their ideas on improving journalism to South by Southwest audiences next spring in Austin, Texas. But first they must survive the panel selection process.", "tags": "Events, Presentations, RJI fellowships,"}, {"title": "MarketWatch: These are the most \u2014 and the least \u2014 trusted news sources in the U.S.", "updated": "2017-08-07T19:27:00+00:00", "link": "https://www.rjionline.org/stories/marketwatch-these-are-the-most-and-the-least-trusted-news-sources-in-the-u", "summary": "Maybe it\u2019s the accent. When it comes to news, Americans deemed British media more trustworthy than their U.S. counterparts in a world where \u201cfake news\u201d has emerged as an ideological battle cry and less of an oxymoron.", "tags": "Engagement, Presentations, Research, RJI fellowships, Social media,"}, {"title": "AL.com\u2019s news deputy program: A fledgling success despite obstacles, missteps and hiccups", "updated": "2017-08-02T17:54:00+00:00", "link": "https://www.rjionline.org/stories/al-coms-news-deputy-program-a-fledgling-success-despite-obstacles-missteps", "summary": "Connor Sheets\u2019 RJI Fellowship project, dubbed the Deputy Program, has had its share of kinks. But it\u2019s also yielding tips, information and insights that would be nearly impossible for the AL.com newsroom to come up with on its own.", "tags": "Citizen and community news, Engagement, RJI research scholars,"}, {"title": "With an eye toward expansion, WhereBy.us invites its community to help build it as a company", "updated": "2017-08-01T13:42:00+00:00", "link": "https://www.rjionline.org/stories/with-an-eye-toward-expansion-whereby.us-invites-its-community-to-help-build", "summary": "Seven months after launching its second newsletter in a new city, WhereBy.us \u2014 a startup focused on being a parent company for local news organizations across the country \u2014 is gearing up for an expansion to three more cities.", "tags": "RJI fellowships,"}, {"title": "Is your company short on star salespeople? Look to your newsroom", "updated": "2017-07-31T17:34:00+00:00", "link": "https://www.rjionline.org/stories/is-your-company-short-on-star-salespeople-look-to-your-newsroom", "summary": "Some of the best-positioned people to help grow news media revenue may be sitting nearby. They are journalists.", "tags": "Advertising, Best practices, How-to, Revenue strategies,"}, {"title": "Poynter: 28 newsrooms asked their audiences if they pay for the news. 70 percent said yes.", "updated": "2017-07-28T13:26:00+00:00", "link": "https://www.rjionline.org/stories/poynter-28-newsrooms-asked-their-audiences-if-they-pay-for-the-news-70-per", "summary": "Seventy percent of respondents to a new survey conducted by 28 newsrooms said they financially support one or more news organization, according to a new report from the Reynolds Journalism Institute's Trusting News Project.", "tags": "Research,"}, {"title": "RJI Fellow receives investment from Missouri accelerator fund for chatbot tool", "updated": "2017-07-27T18:45:00+00:00", "link": "https://www.rjionline.org/stories/rji-fellow-receives-investment-from-missouri-accelerator-fund-for-chatbot-t", "summary": "GroundSource, a community engagement platform founded by RJI Fellow Andrew Haeg, recently received a $50,000 investment from the Missouri Innovation Center Accelerator Fund.", "tags": "RJI fellowships,"}, {"title": "Who trusts \u2014 and pays for \u2014 the news? Here\u2019s what 8,728 people told us", "updated": "2017-07-27T15:45:00+00:00", "link": "https://www.rjionline.org/stories/who-trusts-and-pays-for-the-news-heres-what-8728-people-told-us", "summary": "As part of the Trusting News project, 28 partner newsrooms asked their audiences to tell them about their views on the credibility of news.", "tags": "Engagement, Research, RJI fellowships, Social media,"}, {"title": "White paper: Two days dedicated to Dodging the Memory Hole", "updated": "2017-07-26T21:26:00+00:00", "link": "https://www.rjionline.org/stories/white-paper-two-days-dedicated-to-dodging-the-memory-hole", "summary": "This white paper summarizes the Dodging the Memory Hole 2016: Saving online news event, with overviews of the panels and presentations, and projects produced by groups at the conference as well as student scholarship recipients.", "tags": "Events, JDNA, Research,"}, {"title": "Pictures of the Year International to celebrate milestone at Newseum; POYI director Shaw to retire", "updated": "2017-07-25T20:32:00+00:00", "link": "https://www.rjionline.org/stories/pictures-of-the-year-international-to-celebrate-milestone-at-newseum-poyi-d", "summary": "\u201cPictures of the Year: 75 Years of the World's Best Photography,\u201d a photography exhibit featuring seven decades of images from the archives of Pictures of the Year International, will be unveiled Friday, April 6, 2018, at the Newseum, Washington, D.C.", "tags": "Photojournalism,"}, {"title": "Michael Nelson: Presentation: Summarizing archival collections using storytelling techniques", "updated": "2017-07-24T21:14:00+00:00", "link": "https://www.rjionline.org/stories/presentation-summarizing-archival-collections-using-storytelling-techniques", "summary": "Dr. Michael Nelson is a professor of computer science at Old Dominion University. Prior to joining ODU, he worked at NASA Langley Research Center from 1991 to 2002.", "tags": "Events, JDNA, Technology, Videos,"}, {"title": "Four ways the Columbia Missourian is using Facebook Live to engage with community", "updated": "2017-07-19T14:56:00+00:00", "link": "https://www.rjionline.org/stories/four-ways-the-columbia-missourian-is-using-facebook-live-to-engage-with-com", "summary": "When Facebook rolled out its live broadcast feature in December 2015, it opened a new channel for engaging audiences and serving content on the platform.", "tags": "Citizen and community news, Engagement, Social media, Technology, Videos,"}, {"title": "Jennifer Younger: Lightning rounds: Digital preservation: Aggregated, collaborative, Catholic", "updated": "2017-07-18T20:45:00+00:00", "link": "https://www.rjionline.org/stories/jennifer-younger-lightning-rounds-digital-preservation-aggregated-collabora", "summary": "In July 2011, Jennifer A. Younger became the executive director for the Catholic Research Resources Alliance (CRRA) after serving as the first chair of the Board of Directors.", "tags": "Events, JDNA, Presentations, Technology, Videos,"}, {"title": "What a daily newspaper and its parent company are learning as staff experiment with Amazon Alexa", "updated": "2017-07-13T15:48:00+00:00", "link": "https://www.rjionline.org/stories/what-a-daily-newspaper-and-its-parent-company-are-learning-as-staff-experim", "summary": "Although news stories can be fed automatically from a CMS to Alexa-equipped devices like the Amazon Echo, Christopher Biondi believes tailoring the content to the new platform is the best way to provide a good listening experience.", "tags": "Engagement, Innovation, Technology,"}, {"title": "Open the Room Project helps journalists, citizens and towns broadcast on Facebook Live", "updated": "2017-07-12T20:36:00+00:00", "link": "https://www.rjionline.org/stories/open-the-room-project-helps-journalists-citizens-and-towns-broadcast-on-fac", "summary": "This week we launch the Open the Room Project, which provides community journalists, citizen activists and town administrators with step-by-step directions to build a scalable, affordable system for streaming public meetings, events and sporting contests.", "tags": "RJI fellowships, Technology,"}, {"title": "Panel: The future of the past: Modernizing The New York Times archive", "updated": "2017-07-12T14:31:00+00:00", "link": "https://www.rjionline.org/stories/panel-the-future-of-the-past-modernizing-the-new-york-times-archive", "summary": "A panel discussion on the modernizing of The New York Times archive with Evan Sandhaus, Jane Cotler and Sophia Van Valkenburg.", "tags": "Events, JDNA, Presentations, Technology, Videos,"}, {"title": "RJI Fellow expands work on mobile news app for smaller news organizations", "updated": "2017-07-11T14:20:00+00:00", "link": "https://www.rjionline.org/stories/rji-fellow-expands-work-on-mobile-news-app-for-smaller-news-organizations", "summary": "Push notifications from The New York Times, the Guardian and The Washington Post alert us every day to scandal, horror, scientific achievement and grief. However, this capability lies mainly in the realm of large newspapers.", "tags": "Innovation, Mobile, RJI fellowships, Technology,"}, {"title": "Editor &amp; Publisher: How newspapers are achieving success with technological advancements", "updated": "2017-07-10T13:35:00+00:00", "link": "https://www.rjionline.org/stories/editor-publisher-how-newspapers-are-achieving-success-with-technological-ad", "summary": "While newspapers like The Washington Post and New York Times are able to freely experiment on the digital side of things, smaller publications have often been left to trudge along the digital path without much guidance.", "tags": "Advertising, Revenue strategies, RJI fellowships,"}, {"title": "Lee&#8217;s Summit Journal: Journalism app took grand prize at MU competition", "updated": "2017-07-03T12:54:00+00:00", "link": "https://www.rjionline.org/stories/lees-summit-journal-journalism-app-took-grand-prize-at-mu-competition", "summary": "They call it pack journalism. Hordes of reporters chase the same story \u2014 in the same way \u2014 while other developments go uncovered.", "tags": "Events, Presentations, Technology,"}, {"title": "IJNet: Free tool helps newsrooms curate, manage effective newsletters", "updated": "2017-06-29T21:34:00+00:00", "link": "https://www.rjionline.org/stories/ijnet-free-tool-helps-newsrooms-curate-manage-effective-newsletters", "summary": "It can be a challenge for newsrooms to set aside time and resources to craft an effective newsletter. That\u2019s where the free tool Opt In can help.", "tags": "RJI fellowships,"}, {"title": "FL#200: Experimenting with interactive VR at Crossover", "updated": "2017-06-28T21:32:00+00:00", "link": "https://www.rjionline.org/stories/fl200-experimenting-with-interactive-vr-at-crossover", "summary": "Could immersive storytelling that detects what viewers feel change the way they think?", "tags": "Engagement, Innovation, Photojournalism, Technology, Videos,"}, {"title": "FL#199: Language recognition via Speechmatics", "updated": "2017-06-21T18:26:00+00:00", "link": "https://www.rjionline.org/stories/fl199-language-recognition-via-speechmatics", "summary": "Could new technology break down language barriers?", "tags": "Innovation, Mobile, Technology, Videos,"}, {"title": "What a team at the Honolulu Civil Beat is learning while experimenting with Facebook Live", "updated": "2017-06-20T14:46:00+00:00", "link": "https://www.rjionline.org/stories/what-a-team-at-the-honolulu-civil-beat-is-learning-while-experimenting-with", "summary": "The Honolulu Civil Beat\u2019s weekly Facebook Live broadcast is an ongoing experiment for the two-person team behind it as they try out new technology, locations and formats.", "tags": "Engagement, Reporting, Social media, Technology,"}, {"title": "Industry insight: By ignoring archives, news organizations put much at risk, miss rewards", "updated": "2017-06-19T15:27:00+00:00", "link": "https://www.rjionline.org/stories/industry-insight-by-ignoring-archives-news-organizations-put-much-at-risk-m", "summary": "Story archives separate an established news organization from a new competitor. They provide an essential, unmatched historical record for communities. They are a mostly untapped potential source of revenue and reader engagement.", "tags": "JDNA,"}, {"title": "Call for contributions: Dodging the Memory Hole 2017: Saving Online News", "updated": "2017-06-16T14:53:00+00:00", "link": "https://www.rjionline.org/stories/call-for-contributions-dodging-the-memory-hole-2017-saving-online-news", "summary": "The next Dodging the Memory Hole: Saving Online News forum will be held Nov. 15-16 at the Internet Archive in San Francisco. Your participation in DTMH 2017 will advance the exchange of knowledge of digital preservation.", "tags": "Events, JDNA, Presentations, Technology,"}, {"title": "FL#198: Ideas for social video from VICE Media", "updated": "2017-06-14T13:00:00+00:00", "link": "https://www.rjionline.org/stories/fl198-ideas-for-social-video-from-vice-media", "summary": "How is VICE tailoring its video storytelling for social platforms?", "tags": "Events, JDNA, Presentations, Technology,"}, {"title": "California trip makes us a stronger team", "updated": "2017-06-13T15:08:00+00:00", "link": "https://www.rjionline.org/stories/california-trip-makes-us-a-stronger-team", "summary": "If you\u2019ve watched the reaction video taken at the RJI Tech Showcase in late April, you probably already know just how shocked we were to win the app competition.", "tags": "Events, Journalism education, Presentations, Technology,"}, {"title": "Tech, media leaders advise and inspire student entrepreneurs", "updated": "2017-06-13T14:40:00+00:00", "link": "https://www.rjionline.org/stories/tech-media-leaders-advise-and-inspire-student-entrepreneurs", "summary": "\u201cFinding overlooked connections is a very powerful concept. But you need to visualize it better and translate how your app fits into the everyday tasks of a typical reporter.\u201d", "tags": "Events, Journalism education, Presentations,"}, {"title": "MediaShift Podcast 236: The Intercept\u2019s source nabbed by feds; Apple\u2019s HomePod and ad-blocking", "updated": "2017-06-09T13:39:00+00:00", "link": "https://www.rjionline.org/stories/mediashift-podcast-236-the-intercepts-source-nabbed-by-feds-apples-homepod", "summary": "In the news this week, The Intercept received leaked documents from the NSA about attempted Russian hacking into U.S. voting machines, and the Feds revealed they had arrested the contractor who leaked the documents, Reality Leigh Winner.", "tags": "Partners,"}, {"title": "Tool for journalists: Opt In, for newsletter optimisation", "updated": "2017-06-09T13:01:00+00:00", "link": "https://www.rjionline.org/stories/tool-for-journalists-opt-in-for-newsletter-optimisation", "summary": "This free online tool aims to help publishers address the challenges of newsletter production and maintenance", "tags": "RJI fellowships,"}, {"title": "What is the role of a journalist in a post-objectivity world?", "updated": "2017-06-08T16:24:00+00:00", "link": "https://www.rjionline.org/stories/what-is-the-role-of-a-journalist-in-a-post-objectivity-world", "summary": "Objectivity is an ethos built on the \u201cshall nots\u201d rather than the things that journalists might stand for. Objectivity says, in essence, that journalists are not human.", "tags": "Journalism education, Reporting,"}, {"title": "Kalev Leetaru: Lightning Rounds: A Look Inside the World\u2019s Largest Initiative to Archive News", "updated": "2017-06-08T15:57:00+00:00", "link": "https://www.rjionline.org/stories/kalev-leetaru-lightning-rounds-a-look-inside-the-worlds-largest-initiative", "summary": "Kalev Leetaru is a Senior Fellow at the George Washington University Center for Cyber & Homeland Security and a member of its Counterterrorism and Intelligence Task Force.", "tags": "Events, JDNA, Presentations, Technology, Videos,"}, {"title": "Katherine Boss: Lightning rounds: Challenges facing preservation of born-digital news applications", "updated": "2017-06-08T15:34:00+00:00", "link": "https://www.rjionline.org/stories/katherine-boss-lightning-rounds-challenges-facing-preservation-of-born-digi", "summary": "Katherine Boss is the Librarian for Journalism, Media, Culture and Communication at New York University.", "tags": "Events, JDNA, Presentations, Technology, Videos,"}, {"title": "Cynthia Joyce: Lightning rounds: Keyword &#8216;Katrina&#8217;: Re-collecting the unsearchable past", "updated": "2017-06-08T14:45:00+00:00", "link": "https://www.rjionline.org/stories/cynthia-joyce-lightning-rounds-keyword-katrina-re-collecting-the-unsearchab", "summary": "Cynthia Joyce has been a writer, editor, and web producer for more than 20 years. Prior to joining the faculty at the University of Mississippi Meek School of Journalism in 2011, she worked as a digital producer for several news organizations.", "tags": "Events, JDNA, Presentations, Technology, Videos,"}, {"title": "Terry Britt: Lightning rounds: News archives as cornerstones of collective memory", "updated": "2017-06-07T21:44:00+00:00", "link": "https://www.rjionline.org/stories/terry-britt-lightning-rounds-news-archives-as-cornerstones-of-collective-me", "summary": "Terry Britt, University of Missouri | Oct. 14, 2016 | the Charles E. Young Research Library, UCLA", "tags": "Events, JDNA, Presentations, Technology, Videos,"}, {"title": "FL#197: Following the crowd with Populace", "updated": "2017-06-07T18:47:00+00:00", "link": "https://www.rjionline.org/stories/fl197-following-the-crowd-with-populace", "summary": "How might automatic detection of crowd density alert journalists to news events?", "tags": "Innovation, Reporting, Social media, Technology, Videos,"}, {"title": "Please don\u2019t go: New digital ad platform keeps visitors on your news site after they click an ad", "updated": "2017-06-05T20:34:00+00:00", "link": "https://www.rjionline.org/stories/Please-dont-go-New-digital-ad-platform-keeps-visitors-on-your-news-site-a", "summary": "AdKiosks is a new digital ad platform that will allow a consumer \u2013 while visiting a website -- to browse an in-ad catalog and purchase an item from inside the ad without leaving the webpage.", "tags": "Advertising, RJI fellowships,"}, {"title": "Nieman Lab: This new tool will help your newsroom create better email newsletters", "updated": "2017-06-05T16:10:00+00:00", "link": "https://www.rjionline.org/stories/nieman-lab-this-new-tool-will-help-your-newsroom-create-better-email-newsle", "summary": "So you heard that email newsletters are the hot new trend for news organizations looking to reach highly engaged audiences and now you\u2019re thinking of starting one in your newsroom. But where should you start?", "tags": "RJI fellowships,"}, {"title": "Newsletter optimizer Opt In allows newsrooms to improve newsletters or create one from scratch", "updated": "2017-06-05T14:31:00+00:00", "link": "https://www.rjionline.org/stories/newsletter-optimizer-opt-in-allows-newsrooms-to-improve-newsletters-or-crea", "summary": "After more than a year of research, Crosscut Public Media, in partnership with the Donald W. Reynolds Journalism Institute, is thrilled to announce the release of our much-anticipated digital tool: Opt In, the newsletter optimizer.", "tags": "Engagement, RJI fellowships, Technology,"}, {"title": "MediaShift Podcast 235: NYT eliminates public editor job; Germany\u2019s love/hate relationship with FB", "updated": "2017-06-02T13:47:00+00:00", "link": "https://www.rjionline.org/stories/mediashift-podcast-235-nyt-eliminates-public-editor-job-germanys-love-hate", "summary": "In the news this week, the New York Times is eliminating a layer of editorial oversight, including its Public Editor job, leading to an outcry among critics. The Times also announced its smashing success with email newsletters.", "tags": "Partners,"}, {"title": "Rebekah Monson of WhereBy.Us: We Need to \u2018Get Way Smarter\u2019 About Metrics", "updated": "2017-05-31T19:57:00+00:00", "link": "https://www.rjionline.org/stories/rebekah-monson-of-whereby.us-we-need-to-get-way-smarter-about-metrics", "summary": "With her fellowship, she aims to develop a data toolkit that gives small, independent publishers the ability to gather information from multiple audience engagement initiatives and analyze the data for continued relationships.", "tags": "RJI fellowships,"}, {"title": "FL#196: Automation at The Washington Post", "updated": "2017-05-31T13:00:00+00:00", "link": "https://www.rjionline.org/stories/fl196-automation-at-the-washington-post", "summary": "How might computer automation help increase the newsroom\u2019s capabilities?", "tags": "Best practices, How-to, Innovation, Technology, Videos,"}, {"title": "MediaShift Podcast 234: Manchester papers help terror victims with crowdfunding campaigns", "updated": "2017-05-26T19:27:00+00:00", "link": "https://www.rjionline.org/stories/mediashift-podcast-234-manchester-papers-help-terror-victims-with-crowdfund", "summary": "In the news this week, legacy media meets social media as the Manchester Evening News runs a crowdfunding and social media campaign to raise more than \u00a31.5 million for victims of the terrorist attack outside a concert.", "tags": "Partners,"}, {"title": "Memory holes and permanent errors: Part 4", "updated": "2017-05-25T17:00:00+00:00", "link": "https://www.rjionline.org/stories/memory-holes-and-permanent-errors-part-4", "summary": "This is part four of a white paper, \u201cMemory Holes and Permanent Errors,\u201d which examines whether and how online news archives should preserve corrections, updates and other post-publication changes.", "tags": "JDNA, Research,"}, {"title": "FL#195: A home page designed by algorithm", "updated": "2017-05-24T18:02:00+00:00", "link": "https://www.rjionline.org/stories/fl195-a-homepage-designed-by-algorithm", "summary": "What happened when a Swedish newspaper let its online system take charge of story selection and placement?", "tags": "Best practices, Innovation, Revenue strategies, Technology, Videos,"}, {"title": "Current: How to sneak audio into Facebook posts", "updated": "2017-05-23T14:04:00+00:00", "link": "https://www.rjionline.org/stories/current-how-to-sneak-audio-into-facebook-posts", "summary": "Embedding a video in a Facebook post is easy. Embedding audio is harder but doable. This article will show you how, covering several ways public media outlets add audio players to Facebook posts.", "tags": "RJI fellowships, Social media, Technology,"}, {"title": "MediaShift Podcast 233: Facebook falls short on fake news, boosts local news", "updated": "2017-05-19T18:37:00+00:00", "link": "https://www.rjionline.org/stories/mediashift-podcast-233-facebook-falls-short-on-fake-news-boosts-local-news", "summary": "In the news this week, Facebook is all over the map, falling short in its fight against fake news, but also doing more and more to help local news publishers. Plus a 22-year-old British programmer became an \u2018accidental hero.\u2019", "tags": "Partners,"}, {"title": "Class is in session: Join me to create mobile learning in digital skills for journalists", "updated": "2017-05-18T21:14:00+00:00", "link": "https://www.rjionline.org/stories/class-is-in-session-join-me-to-create-mobile-learning-in-digital-skills-for", "summary": "During her 2017-2108 RJI Fellowship, Linda Austin hopes to develop a guide to digital-journalism skills for journalists who are always seeking to up their game.", "tags": "Journalism education, RJI fellowships,"}, {"title": "Memory holes and permanent errors: Part 3", "updated": "2017-05-18T18:52:00+00:00", "link": "https://www.rjionline.org/stories/memory-holes-and-permanent-errors-part-3", "summary": "Another type of article change to consider in news preservation is the update. Early on, editors realized that the fluidity inherent in the World Wide Web makes this an ideal medium for reporting breaking news.", "tags": "JDNA, Research,"}, {"title": "RiskMiner: A test case for information access and revenue streams", "updated": "2017-05-18T15:24:00+00:00", "link": "https://www.rjionline.org/stories/riskminer-a-test-case-for-information-access-and-revenue-streams", "summary": "RiskMiner \u2014 an online data tool \u2014 will help journalists find and analyze multinational agribusiness corporations' documents, studies and risk data.", "tags": "Innovation, RJI fellowships, Technology,"}, {"title": "FL#194: Immersive video conversations with Portals", "updated": "2017-05-17T19:49:00+00:00", "link": "https://www.rjionline.org/stories/fl194-immersive-video-conversations-with-portals", "summary": "How is a network of gold-painted shipping containers helping people understand the world in a new way?", "tags": "Engagement, Innovation, Reporting, Videos,"}, {"title": "MediaShift Podcast 232: NYT, WSJ see boom in subs while ESPN suffers; Snap loses big", "updated": "2017-05-12T13:37:00+00:00", "link": "https://www.rjionline.org/stories/mediashift-podcast-232-nyt-wsj-see-boom-in-subs-while-espn-suffers-snap-los", "summary": "In the news this week, the New York Times and Wall Street Journal announce big jumps in paid digital subscribers, while Disney suffers as ESPN loses more subscribers. Snapchat\u2019s parent company Snap Inc. announces its first quarterly earnings.", "tags": "Partners,"}, {"title": "Memory holes and permanent errors: Part 2", "updated": "2017-05-11T22:13:00+00:00", "link": "https://www.rjionline.org/stories/memory-holes-and-permanent-errors-part-2", "summary": "This is part 2 of a white paper, \u201cMemory Holes and Permanent Errors,\u201d which examines whether and how online news archives should preserve corrections, updates and other post-publication changes.", "tags": "JDNA, Research,"}, {"title": "Expansion into digital services opens new revenue stream for Missouri newspaper", "updated": "2017-05-11T18:07:00+00:00", "link": "https://www.rjionline.org/stories/expansion-into-digital-services-opens-new-revenue-stream-for-missouri-newsp", "summary": "The Washington Missourian was about to lose $5,000 to $6,000 in ad revenue to a competitor. The client needed to reach digital customers beyond the local opportunities the newspaper had provided in the past.", "tags": "Advertising, Innovation, Partners, Revenue strategies, RJI fellowships,"}, {"title": "We\u2019ll take \u2018design hubs\u2019 for $400", "updated": "2017-05-10T14:19:00+00:00", "link": "https://www.rjionline.org/stories/well-take-design-hubs-for-400", "summary": "Let\u2019s play J-Parody: Society for News Design edition! This is the game where I give the answer and a few hints, and you guess the question.", "tags": "Print,"}, {"title": "FL#193: Searching within video files via LivingLens", "updated": "2017-05-10T14:00:00+00:00", "link": "https://www.rjionline.org/stories/fl193-searching-within-video-files-via-livinglens", "summary": "What if technology could automatically find the moment in a video when the person onscreen feels happy?", "tags": "Innovation, Technology, Videos,"}, {"title": "What an Idaho TV station is learning from flying a drone", "updated": "2017-05-08T17:31:00+00:00", "link": "https://www.rjionline.org/stories/what-an-idaho-tv-station-is-learning-from-flying-a-drone", "summary": "As the news crew at KTVB in Boise, Idaho, has learned, launching their drone for news coverage can draw a crowd. Executive News Director Kate Morris says this has been a good opportunity to educate the public about the new technology.", "tags": "Broadcast, Engagement, Innovation, Reporting, Technology, Videos,"}, {"title": "Memory holes and permanent errors: Part 1", "updated": "2017-05-04T19:54:00+00:00", "link": "https://www.rjionline.org/stories/memory-holes-and-permanent-errors-part-1", "summary": "Online journalism is at risk of disappearing. We often think of digital words as having permanence; for some, unflattering or invasive details linger way too long. But digital news is actually incredibly fragile.", "tags": "JDNA, Research,"}, {"title": "FL#192: Audio sharing via SoundBYTE", "updated": "2017-05-03T19:01:00+00:00", "link": "https://www.rjionline.org/stories/fl192-audio-sharing-via-soundbyte", "summary": "Could 14-second clips become the audio equivalent of 140 characters of text?", "tags": "Engagement, Innovation, Mobile, Technology, Videos,"}, {"title": "Journalism, the intelligence community and technology", "updated": "2017-05-03T14:15:00+00:00", "link": "https://www.rjionline.org/stories/journalism-the-intelligence-community-and-technology", "summary": "Journalism\u2019s purpose is to facilitate understanding. Government also has a sense-making apparatus. Conflict between journalism and the intelligence community has obscured a remarkable range of similarities between them.", "tags": "Innovation, RJI fellowships, Technology,"}, {"title": "Media Innovation Summit raises challenges, solutions for student innovators", "updated": "2017-05-02T18:04:00+00:00", "link": "https://www.rjionline.org/stories/media-innovation-summit-raises-challenges-solutions-for-student-innovators", "summary": "Student founders of color face unique challenges to creating sustainable ventures in the media innovation space. These include advertiser biases, lack of technological development support and plain old-fashioned racism.", "tags": "Innovation, Journalism education, RJI fellowships,"}, {"title": "Top 5 best newsletter pop-ups", "updated": "2017-05-02T17:26:00+00:00", "link": "https://www.rjionline.org/stories/top-5-best-newsletter-pop-ups", "summary": "When it comes to newsletters, the meat of your product should be the content of the email. However, after launching a brand-new letter or reviving an old one, it\u2019s critical that newsrooms make a concentrated push for sign-ups.", "tags": "Engagement, Innovation, RJI fellowships,"}, {"title": "DEAR READER: Why does this Trump article look like a comic book?", "updated": "2017-05-01T20:37:00+00:00", "link": "https://www.rjionline.org/stories/dear-reader-why-does-this-trump-article-look-like-a-comic-book", "summary": "Blake Nelson, a graduate student at the Missouri School of Journalism, uses the so-old-it\u2019s-new-again journalistic tool of the comic strip to examine President Trump\u2019s first 100 days.", "tags": "Engagement, Reporting,"}, {"title": "MediaShift Podcast 231: Russian hackers go to France; Twitter rebounds; NBC\u2019s Nick Ascheim on video", "updated": "2017-04-28T14:07:00+00:00", "link": "https://www.rjionline.org/stories/mediashift-podcast-231-russian-hackers-go-to-france-twitter-rebounds-nbcs-n", "summary": "In the news this week, the same Russian hackers who broke into DNC emails are trying to wreak havoc in the French presidential election \u2014 but to no avail so far. Social media laggard Twitter finally rebounds with higher profits and a growing user base.", "tags": "Partners,"}, {"title": "Jefferson Bailey: Lightning rounds: Supporting Data-Driven Research using News-Related Web Archives", "updated": "2017-04-27T19:27:00+00:00", "link": "https://www.rjionline.org/stories/jefferson-bailey-lightning-rounds-supporting-data-driven-research-using-new", "summary": "Jefferson Bailey is the director of Web Archiving Programs at the Internet Archive.", "tags": "Analytics, Events, JDNA, Presentations, Technology, Videos,"}, {"title": "Mark Graham: Lightning rounds: Archiving news at the Internet Archive", "updated": "2017-04-27T19:11:00+00:00", "link": "https://www.rjionline.org/stories/mark-graham-lightning-rounds-archiving-news-at-the-internet-archive", "summary": "Mark Graham is currently Director of the Wayback Machine at the Internet Archive, responsible for capturing, preserving and helping people discover and use, more than 1 billion web captures each week.", "tags": "Events, JDNA, Presentations, Technology, Videos,"}, {"title": "Edward McCain: Goals of the conference", "updated": "2017-04-27T18:41:00+00:00", "link": "https://www.rjionline.org/stories/edward-mccain-goals", "summary": "Edward McCain is the digital curator of journalism at the Donald W. Reynolds Journalism Institute and the University of Missouri Libraries.", "tags": "Events, JDNA, Presentations, Technology, Videos,"}, {"title": "Edward McCain and Ginny Steele: Welcome", "updated": "2017-04-27T16:05:00+00:00", "link": "https://www.rjionline.org/stories/edward-mccain-and-ginny-steele-welcome", "summary": "Edward McCain is the digital curator of journalism at the Donald W. Reynolds Journalism Institute and the University of Missouri Libraries. Ginny Steel is a university librarian at UCLA.", "tags": "Events, JDNA, Technology, Videos,"}, {"title": "FL#191: VICE\u2019s cinematic approach", "updated": "2017-04-26T21:25:00+00:00", "link": "https://www.rjionline.org/stories/fl191-vice-cinematic-approach", "summary": "How does VICE News add film-like aesthetics into their news video?", "tags": "Broadcast, How-to, Innovation, Photojournalism, Technology, Videos,"}, {"title": "Promises, promises: Here\u2019s where PolitiFact says Trump stands after nearly 100 days", "updated": "2017-04-26T15:40:00+00:00", "link": "https://www.rjionline.org/stories/promises-promises-heres-where-politifact-says-trump-stands-after-nearly-100", "summary": "Donald Trump is learning what most presidents do: It\u2019s a lot easier to make campaign promises than to deliver on them.", "tags": "Reporting, RJI fellowships,"}, {"title": "Informator produces new insights, wins 2017 RJI Student Competition", "updated": "2017-04-25T13:29:00+00:00", "link": "https://www.rjionline.org/stories/informatr-produces-new-insights-wins-2017-rji-student-competition", "summary": "A team of undergrads in computer science and journalism took the grand prize in the 10th annual RJI Student Competition with Informator, an intelligent mobile search tool that finds hidden relationships between key words and phrases.", "tags": "Events, Presentations, Technology,"}, {"title": "MediaShift Podcast 230: Videotaped murder disrupts Facebook\u2019s F8; Ballmer\u2019s massive gov database", "updated": "2017-04-21T13:53:00+00:00", "link": "https://www.rjionline.org/stories/mediashift-podcast-230-videotaped-murder-disrupts-facebooks-f8-ballmers-mas", "summary": "In the news this week, Facebook goes head-first into augmented reality and virtual reality at its F8 conference, but a videotaped murder puts a damper on the party. Former Microsoft CEO Steve Ballmer releases USAFacts.", "tags": "Partners,"}, {"title": "8 tips from Google for using YouTube Live", "updated": "2017-04-20T18:05:00+00:00", "link": "https://www.rjionline.org/stories/8-tips-from-google-for-using-youtube-live", "summary": "Google\u2019s YouTube Live is one of several live-streaming platforms and apps journalists can use to reach and interact with their audience.", "tags": "Technology, Videos,"}]
